{"compute1.students.dev": {"mem": 0.06445115810674723, "cpu": 0.25379999999999997}, "compute2.students.dev": {"mem": 0.2255790533736153, "cpu": 0.2747}, "compute3.students.dev": {"mem": 0.2578046324269889, "cpu": 0.12710000000000002}}